#,"Country,Other",TotalCases,NewCases,TotalDeaths,NewDeaths,TotalRecovered,NewRecovered,ActiveCases,"Serious,Critical",Tot Cases/1M pop,Deaths/1M pop,TotalTests,Tests/,1M pop,,Population,Continent,1 Caseevery X ppl1 Deathevery X ppl1 Testevery X ppl,New Cases/1M pop,New Deaths/1M pop,Active Cases/1M pop,
1,USA,"100,743,392",,"1,106,378                                ",,"98,191,251",,"1,445,763","3,451","300,901","3,305","1,141,344,289","3,408,979","334,805,269 ",North America,,33030,,,"4,318",
2,India,"44,673,984",,"530,624                                ",,"44,137,617",,"5,743",698,"31,760",377,"906,725,359","644,607","1,406,631,776 ",Asia,,"312,6512",,,4,
3,France,"37,916,052",,"159,026                                ",,"36,935,415",,"821,611",869,"578,125","2,425","271,490,188","4,139,547","65,584,518 ",Europe,,24120,,,"12,528",
4,Germany,"36,530,020",,"158,109                                ",,"35,853,000","+31,100","518,911","1,406","435,485","1,885","122,332,384","1,458,359","83,883,596 ",Europe,,25311,,,"6,186",
5,Brazil,"35,336,482",,"689,998                                ",,"34,257,388",,"389,096","8,318","164,086","3,204","63,776,166","296,146","215,353,593 ",South America,,63123,,,"1,807",
6,S. Korea,"27,208,800","+52,987","30,621                                ",+53,"26,187,426","+23,703","990,753",460,"530,077",597,"15,804,065","307,892","51,329,899 ",Asia,,"21,6763","1,032",1,"19,302",
7,Japan,"24,911,367",,"49,826                                ",,"20,713,863",,"4,147,678",339,"198,363",397,"81,441,509","648,498","125,584,838 ",Asia,,"52,5202",,,"33,027",
8,Italy,"24,260,660",,"181,098                                ",,"23,587,105",,"492,457",250,"402,581","3,005","257,057,363","4,265,608","60,262,770 ",Europe,,23330,,,"8,172",
9,UK,"24,000,101",,"196,821                                ",,"23,744,855","+3,100","58,425",146,"350,377","2,873","522,526,476","7,628,357","68,497,907 ",Europe,,33480,,,853,
10,Russia,"21,597,613",,"392,060                                ",,"21,003,575",,"201,978","2,300","148,126","2,689","273,400,000","1,875,095","145,805,947 ",Europe,,73721,,,"1,385",
11,Turkey,"17,005,537",,"101,400                                ",,"16,904,137",,0,,"198,751","1,185","162,743,369","1,902,052","85,561,976 ",Asia,,58441,,,,
12,Spain,"13,595,504",,"115,901                                ",,"13,382,293",,"97,310",339,"291,005","2,481","471,036,328","10,082,298","46,719,142 ",Europe,,34030,,,"2,083",
13,Vietnam,"11,516,489",,"43,176                                ",,"10,608,577",,"864,736",45,"116,383",436,"85,826,548","867,342","98,953,541 ",Asia,,"92,2921",,,"8,739",
14,Australia,"10,739,979","+14,740","16,203                                ",+16,"10,546,102",,"177,674",82,"411,986",622,"78,835,048","3,024,116","26,068,792 ",Australia/Oceania,,"21,6090",565,0.6,"6,816",
15,Argentina,"9,727,247",,"130,025                                ",,"9,590,207",,"7,015",241,"211,415","2,826","35,716,069","776,264","46,010,234 ",South America,,53541,,,152,
16,Netherlands,"8,541,997",,"22,909                                ",,"8,494,757","+1,972","24,331",34,"496,297","1,331","25,984,435","1,509,718","17,211,447 ",Europe,,27511,,,"1,414",
17,Taiwan,"8,329,008",,"14,387                                ",,"7,982,087",,"332,534",,"348,660",602,"28,559,590","1,195,532","23,888,595 ",Asia,,"31,6601",,,"13,920",
18,Iran,"7,559,737",,"144,634                                ",,"7,335,207",,"79,896",75,"87,881","1,681","54,420,785","632,632","86,022,837 ",Asia,,115952,,,929,
19,Mexico,"7,132,792",,"330,525                                ",,"6,400,759",,"401,508","4,798","54,216","2,512","18,757,827","142,577","131,562,772 ",North America,,183987,,,"3,052",
20,Indonesia,"6,669,821",,"159,884                                ",,"6,452,237",,"57,700","2,771","23,895",573,"112,623,786","403,475","279,134,505 ",Asia,,"421,7462",,,207,
21,Poland,"6,353,310",,"118,328                                ",,"5,335,940",,"899,042","1,530","168,345","3,135","37,802,613","1,001,665","37,739,785 ",Europe,,63191,,,"23,822",
22,Colombia,"6,318,021",,"141,911                                ",,"6,142,640",,"33,470",342,"122,650","2,755","36,907,625","716,475","51,512,762 ",South America,,83631,,,650,
23,Austria,"5,566,947",,"21,216                                ",,"5,498,911",,"46,820",47,"613,999","2,340","202,723,557","22,359,109","9,066,710 ",Europe,,24270,,,"5,164",
24,Portugal,"5,542,265",,"25,450                                ",,"5,498,961",+926,"17,854",61,"546,544","2,510","45,641,725","4,500,903","10,140,570 ",Europe,,23980,,,"1,761",
25,Greece,"5,404,690",,"34,309                                ",,"5,318,479","+7,587","51,902",115,"523,881","3,326","100,284,496","9,720,658","10,316,637 ",Europe,,23010,,,"5,031",
26,Ukraine,"5,336,293",,"110,505                                ",,"5,213,804","+1,045","11,984",,"123,548","2,558","32,603,805","754,855","43,192,122 ",Europe,,83911,,,277,
27,Malaysia,"4,994,543",,"36,695                                ",,"4,933,381",,"24,467",91,"150,524","1,106","66,463,788","2,003,063","33,181,072 ",Asia,,79040,,,737,
28,Chile,"4,925,051",,"62,484                                ",,"4,851,651",,"10,916",131,"255,844","3,246","47,090,137","2,446,216","19,250,195 ",South America,,43080,,,567,
29,DPRK,"4,772,813",,74                                ,,"4,772,739",,0,,"183,636",3,,,"25,990,679 ",Asia,,"5351,225",,,,
30,Israel,"4,723,607",,"11,865                                ",,"4,698,956",,"12,786",22,"506,499","1,272","41,373,364","4,436,346","9,326,000 ",Asia,,27860,,,"1,371",
31,Thailand,"4,707,244",,"33,180                                ",,"4,649,509",,"24,555","1,496","67,171",473,"17,270,775","246,450","70,078,203 ",Asia,,"152,1124",,,350,
32,Belgium,"4,639,411",,"33,061                                ",,"4,583,532","+1,450","22,818",37,"397,609","2,833","36,130,437","3,096,467","11,668,278 ",Europe,,33530,,,"1,956",
33,Czechia,"4,559,200",,"41,888                                ",,"4,507,686",,"9,626",48,"424,634","3,901","56,621,436","5,273,594","10,736,784 ",Europe,,22560,,,897,
34,Canada,"4,408,276",,"47,781                                ",,"4,302,825","+2,291","57,670",99,"114,833","1,245","66,343,123","1,728,207","38,388,419 ",North America,,98031,,,"1,502",
35,Switzerland,"4,317,035",,"14,318                                ",,"4,222,548","+4,873","80,169",53,"492,046","1,632","22,932,989","2,613,852","8,773,637 ",Europe,,26130,,,"9,137",
36,Peru,"4,266,251",,"217,428                                ",,"3,971,278","+4,481","77,545",94,"126,654","6,455","36,513,459","1,083,993","33,684,208 ",South America,,81551,,,"2,302",
37,South Africa,"4,042,208",,"102,464                                ",,"3,912,506",,"27,238",192,"66,532","1,686","26,473,049","435,726","60,756,135 ",Africa,,155932,,,448,
38,Philippines,"4,037,547",,"64,658                                ",,"3,954,477",,"18,412",162,"35,886",575,"33,690,102","299,444","112,508,994 ",Asia,,"281,7403",,,164,
39,Romania,"3,296,834",,"67,276                                ",,"3,225,629",+429,"3,929",94,"173,232","3,535","25,759,760","1,353,545","19,031,335 ",Europe,,62831,,,206,
40,Denmark,"3,148,210",,"7,537                                ",,"3,135,434",,"5,239",9,"539,544","1,292","128,821,813","22,077,621","5,834,950 ",Europe,,27740,,,898,
41,Sweden,"2,632,091",,"21,095                                ",,"2,593,838",,"17,158",19,"257,569","2,064","19,155,093","1,874,464","10,218,971 ",Europe,,44841,,,"1,679",
42,Iraq,"2,463,724",,"25,364                                ",,"2,437,149",,"1,211",21,"58,431",602,"19,448,292","461,243","42,164,965 ",Asia,,"171,6622",,,29,
43,Serbia,"2,424,048",,"17,392                                ",,"2,395,750",,"10,906",14,"280,139","2,010","11,636,435","1,344,784","8,653,016 ",Europe,,44981,,,"1,260",
44,Singapore,"2,169,201",,"1,703                                ",,"2,093,063",,"74,435",7,"364,967",287,"24,622,510","4,142,731","5,943,546 ",Asia,,"33,4900",,,"12,524",
45,Hungary,"2,166,352",,"48,287                                ",,"2,104,358",,"13,707",7,"225,515","5,027","11,394,556","1,186,160","9,606,259 ",Europe,,41991,,,"1,427",
46,Hong Kong,"2,128,382",,"10,762                                ",,"1,880,869",,"236,751",18,"279,892","1,415","70,602,097","9,284,498","7,604,299 ",Asia,,47070,,,"31,134",
47,Bangladesh,"2,036,597",,"29,433                                ",,"1,985,899",,"21,265","1,331","12,131",175,"15,087,849","89,870","167,885,689 ",Asia,,"825,70411",,,127,
48,New Zealand,"1,945,117",,"3,297                                ",,"1,915,871",,"25,949",,"397,108",673,"7,544,063","1,540,170","4,898,203 ",Australia/Oceania,,"31,4861",,,"5,298",
49,Slovakia,"1,856,083",,"20,734                                ",,"1,834,064",,"1,285",23,"339,930","3,797","7,355,239","1,347,066","5,460,193 ",Europe,,32631,,,235,
50,Georgia,"1,805,698",,"16,881                                ",,"1,776,548",,"12,269",,"454,980","4,253","16,920,079","4,263,340","3,968,738 ",Asia,,22350,,,"3,091",
51,Jordan,"1,746,997",,"14,122                                ",,"1,731,007",,"1,868",59,"169,597","1,371","17,201,885","1,669,945","10,300,869 ",Asia,,67291,,,181,
52,Ireland,"1,678,827",,"8,131                                ",,"1,666,088",+557,"4,608",11,"334,414","1,620","12,836,506","2,556,972","5,020,199 ",Europe,,36170,,,918,
53,Pakistan,"1,575,250",+24,"30,632                                ",,"1,538,689",,"5,929",41,"6,864",133,"30,570,862","133,213","229,488,994 ",Asia,,"1467,4928",0.1,,26,
54,Norway,"1,469,233",,"4,325                                ",,"1,462,530",,"2,378",20,"266,582",785,"11,002,430","1,996,315","5,511,370 ",Europe,,"41,2741",,,431,
55,Finland,"1,405,255",,"7,448                                ",,"1,361,449",,"36,358",21,"252,973","1,341","11,825,322","2,128,786","5,554,960 ",Europe,,47460,,,"6,545",
56,Kazakhstan,"1,397,084",+162,"13,693                                ",,"1,380,356",,"3,035",24,"72,746",713,"11,575,012","602,707","19,205,043 ",Asia,,"141,4032",8,,158,
57,Bulgaria,"1,287,409",,"38,044                                ",,"1,244,867",,"4,498",43,"188,091","5,558","10,823,765","1,581,359","6,844,597 ",Europe,,51801,,,657,
58,Lithuania,"1,276,600",,"9,434                                ",,"1,261,845",,"5,321",5,"479,617","3,544","10,260,710","3,854,935","2,661,708 ",Europe,,22820,,,"1,999",
59,Morocco,"1,269,002",,"16,284                                ",,"1,251,428",,"1,290",293,"33,596",431,"12,758,920","337,781","37,772,756 ",Africa,,"302,3203",,,34,
60,Slovenia,"1,260,071",,"6,936                                ",,"1,238,696",,"14,439",19,"606,377","3,338","2,785,919","1,340,651","2,078,034 ",Europe,,23001,,,"6,948",
61,Croatia,"1,254,083",,"17,330                                ",,"1,234,598",,"2,155",11,"308,942","4,269","5,364,868","1,321,628","4,059,286 ",Europe,,32341,,,531,
62,Lebanon,"1,220,602",,"10,737                                ",,"1,087,587",,"122,278",74,"182,592","1,606","4,795,578","717,380","6,684,849 ",Asia,,56231,,,"18,292",
63,Guatemala,"1,157,543",,"19,952                                ",,"1,132,426",,"5,165",5,"62,287","1,074","6,327,127","340,460","18,584,039 ",North America,,169313,,,278,
64,Tunisia,"1,147,072",,"29,268                                ",,N/A,N/A,N/A,44,"95,219","2,430","4,975,826","413,046","12,046,656 ",Africa,,114122,,,648,
65,Costa Rica,"1,146,135",,"9,038                                ",,"860,711",,"276,386",52,"221,161","1,744","4,659,757","899,158","5,182,354 ",North America,,55731,,,"53,332",
66,Cuba,"1,111,398",,"8,530                                ",,"1,102,783",,85,23,"98,305",754,"14,233,813","1,259,000","11,305,652 ",North America,,"101,3251",,,8,
67,Bolivia,"1,111,357",,"22,248                                ",,"1,077,956",,"11,153",220,"92,670","1,855","2,705,422","225,590","11,992,656 ",South America,,115394,,,930,
68,UAE,"1,044,468",,"2,348                                ",,"1,024,155",,"17,965",,"103,600",233,"197,252,835","19,565,269","10,081,785 ",Asia,,"104,2940",,,"1,782",
69,Ecuador,"1,011,132",,"35,940                                ",,"973,448",,"1,744",759,"55,822","1,984","3,082,403","170,173","18,113,361 ",South America,,185046,,,96,
70,Panama,"1,002,161",,"8,526                                ",,"985,881",,"7,754",16,"225,358","1,917","7,256,244","1,631,730","4,446,964 ",North America,,45221,,,"1,744",
71,Nepal,"1,000,894",,"12,019                                ",,"988,719",,156,,"33,114",398,"5,978,304","197,790","30,225,582 ",Asia,,"302,5155",,,5,
72,Belarus,"994,037",,"7,118                                ",,"985,592",,"1,327",,"105,381",755,"13,646,641","1,446,722","9,432,800 ",Europe,,"91,3251",,,141,
73,Uruguay,"993,875",,"7,537                                ",,"985,312",,"1,026",18,"284,288","2,156","6,114,822","1,749,083","3,496,016 ",South America,,44641,,,293,
74,Mongolia,"993,037",,"2,179                                ",,"986,700",,"4,158",192,"293,965",645,"4,030,048","1,193,000","3,378,078 ",Asia,,"31,5501",,,"1,231",
75,Latvia,"961,627",,"6,086                                ",,"950,319",,"5,222",3,"520,125","3,292","7,746,372","4,189,862","1,848,837 ",Europe,,23040,,,"2,824",
76,Saudi Arabia,"825,640",,"9,465                                ",,"813,180",,"2,995",47,"23,034",264,"44,817,844","1,250,327","35,844,909 ",Asia,,"433,7871",,,84,
77,Azerbaijan,"824,385",,"9,981                                ",,"814,148",,256,,"80,036",969,"7,377,282","716,227","10,300,205 ",Asia,,"121,0321",,,25,
78,Paraguay,"718,164",,"19,621                                ",,"698,317",,226,7,"98,300","2,686","2,657,506","363,751","7,305,843 ",South America,,103723,,,31,
79,Bahrain,"696,451",,"1,536                                ",,"693,962",,953,2,"390,391",861,"10,574,920","5,927,702","1,783,983 ",Asia,,"31,1610",,,534,
80,Sri Lanka,"671,687",,"16,805                                ",,"654,803",,79,,"31,131",779,"6,486,117","300,619","21,575,842 ",Asia,,"321,2843",,,4,
81,Kuwait,"662,672",,"2,570                                ",,"659,992",,110,,"151,284",587,"8,441,451","1,927,128","4,380,326 ",Asia,,"71,7041",,,25,
82,Dominican Republic,"650,381",,"4,384                                ",,"644,066",,"1,931",4,"58,824",397,"3,738,144","338,099","11,056,370 ",North America,,"172,5223",,,175,
83,Myanmar,"633,261",,"19,488                                ",,"607,777",,"5,996",,"11,466",353,"9,674,209","175,171","55,227,143 ",Asia,,"872,8346",,,109,
84,Palestine,"620,816",,"5,404                                ",,"614,962",,450,17,"116,137","1,011","3,078,533","575,907","5,345,541 ",Asia,,99892,,,84,
85,Cyprus,"614,237",,"1,226                                ",,"601,436",,"11,575",60,"502,079","1,002","9,640,118","7,879,860","1,223,387 ",Asia,,29980,,,"9,461",
86,Estonia,"609,233",,"2,790                                ",,"524,990",,"81,453",3,"460,873","2,111","3,606,878","2,728,535","1,321,910 ",Europe,,24740,,,"61,618",
87,Moldova,"595,073",,"11,918                                ",,"504,142",,"79,013",49,"148,280","2,970","3,216,305","801,437","4,013,171 ",Europe,,73371,,,"19,688",
88,Venezuela,"547,631",,"5,828                                ",,"540,742",,"1,061",36,"18,712",199,"3,359,014","114,771","29,266,991 ",South America,,"535,0229",,,36,
89,Egypt,"515,645",,"24,613                                ",,"442,182",,"48,850",122,"4,857",232,"3,693,367","34,792","106,156,692 ",Africa,,"2064,31329",,,460,
90,Libya,"507,084",,"6,437                                ",,"500,604",,43,,"72,021",914,"2,483,318","352,707","7,040,745 ",Africa,,"141,0943",,,6,
91,Ethiopia,"494,645",,"7,572                                ",,"472,452",,"14,621",1,"4,094",63,"5,365,426","44,411","120,812,698 ",Africa,,"24415,95523",,,121,
92,Qatar,"478,848",,685                                ,,"476,620",,"1,543",,"160,692",230,"4,065,369","1,364,257","2,979,915 ",Asia,,"64,3501",,,518,
93,Réunion,"477,305",,903                                ,,"418,572",,"57,830",10,"525,631",994,"1,603,660","1,766,027","908,061 ",Africa,,"21,0061",,,"63,685",
94,Honduras,"458,569",,"11,051                                ",,N/A,N/A,N/A,105,"44,864","1,081","1,566,268","153,236","10,221,247 ",North America,,229257,,,"30,816",
95,Armenia,"445,737",,"8,710                                ",,"434,866",,"2,161",,"149,981","2,931","3,235,175","1,088,564","2,971,966 ",Asia,,73411,,,727,
96,Bosnia and Herzegovina,"400,564",,"16,202                                ",,"378,402",,"5,960",,"123,276","4,986","1,879,544","578,443","3,249,317 ",Europe,,82012,,,"1,834",
97,Oman,"399,027",,"4,260                                ",,"384,669",,"10,098",2,"74,949",800,"25,000,000","4,695,724","5,323,993 ",Asia,,"131,2500",,,"1,897",
98,North Macedonia,"344,710",,"9,568                                ",,"334,335",,807,,"165,622","4,597","2,141,032","1,028,697","2,081,304 ",Europe,,62181,,,388,
99,Kenya,"341,696",,"5,684                                ",,"335,359",,653,1,"6,078",101,"3,942,744","70,137","56,215,221 ",Africa,,"1659,89014",,,12,
100,Zambia,"333,746",,"4,019                                ",,"329,690",,37,,"17,141",206,"3,765,147","193,380","19,470,234 ",Africa,,"584,8455",,,2,
101,Albania,"333,360",,"3,593                                ",,"328,211",,"1,556",,"116,300","1,254","1,941,032","677,173","2,866,374 ",Europe,,97981,,,543,
102,Botswana,"326,633",,"2,790                                ",,"323,747",,96,1,"133,802","1,143","2,026,898","830,300","2,441,162 ",Africa,,78751,,,39,
103,Luxembourg,"297,757",,"1,133                                ",,"288,991",,"7,633",,"463,528","1,764","4,412,567","6,869,188","642,371 ",Europe,,25670,,,"11,883",
104,Montenegro,"283,750",,"2,790                                ",,"280,725",,235,6,"451,867","4,443","2,664,715","4,243,515","627,950 ",Europe,,22250,,,374,
105,Algeria,"271,096",,"6,881                                ",,"182,567",,"81,648",,"5,978",152,"230,861","5,091","45,350,148 ",Africa,,"1676,591196",,,"1,800",
106,Nigeria,"266,283",,"3,155                                ",,"259,640",,"3,488",11,"1,229",15,"5,441,162","25,104","216,746,934 ",Africa,,"81468,70040",,,16,
107,Zimbabwe,"257,893",,"5,606                                ",,"251,904",,383,12,"16,821",366,"2,525,756","164,744","15,331,428 ",Africa,,"592,7356",,,25,
108,Uzbekistan,"246,674",,"1,637                                ",,"241,486",,"3,551",23,"7,174",48,"1,377,915","40,077","34,382,084 ",Asia,,"13921,00325",,,103,
109,Brunei ,"241,044",,225                                ,,"222,140",,"18,679",3,"541,148",505,"717,784","1,611,437","445,431 ",Asia,,"21,9801",,,"41,935",
110,Mozambique,"230,624",,"2,226                                ",,"228,310",,88,11,"6,970",67,"1,371,127","41,437","33,089,461 ",Africa,,"14314,86524",,,3,
111,Martinique,"224,468",,"1,071                                ",,N/A,N/A,N/A,8,"600,042","2,863","828,928","2,215,870","374,087 ",North America,,23490,,,"596,901",
112,Laos,"216,780",+36,758                                ,,N/A,N/A,N/A,,"28,977",101,"1,233,207","164,845","7,481,023 ",Asia,,"359,8696",5,,"27,852",
113,Iceland,"207,171",,219                                ,,N/A,N/A,N/A,2,"599,812",634,"1,996,384","5,780,036","345,393 ",Europe,,"21,5770",,,"380,051",
114,Kyrgyzstan,"206,530",,"2,991                                ",,"196,406",,"7,133",131,"30,696",445,"1,907,195","283,460","6,728,271 ",Asia,,"332,2504",,,"1,060",
115,Afghanistan,"206,073",,"7,834                                ",,"183,805",,"14,434","1,124","5,056",192,"1,158,983","28,438","40,754,388 ",Asia,,"1985,20235",,,354,
116,El Salvador,"201,785",,"4,230                                ",,"179,410",,"18,145",8,"30,805",646,"2,610,114","398,467","6,550,389 ",North America,,"321,5493",,,"2,770",
117,Guadeloupe,"197,918",,995                                ,,N/A,N/A,N/A,19,"495,050","2,489","938,039","2,346,306","399,794 ",North America,,24020,,,"486,933",
118,Maldives,"185,618",,311                                ,,"163,687",,"21,620",25,"343,111",575,"2,213,831","4,092,223","540,985 ",Asia,,"31,7400",,,"39,964",
119,Trinidad and Tobago,"185,377",,"4,267                                ",,"180,912",,198,8,"131,792","3,034","868,696","617,592","1,406,585 ",North America,,83302,,,141,
120,Ghana,"171,009",,"1,461                                ",,"169,527",,21,2,"5,279",45,"2,521,749","77,843","32,395,450 ",Africa,,"18922,17313",,,0.6,
121,Namibia,"169,946",,"4,080                                ",,"165,826",,40,,"64,523","1,549","1,062,663","403,460","2,633,874 ",Africa,,156462,,,15,
122,Uganda,"169,733",,"3,630                                ",,"100,431",,"65,672",3,"3,505",75,"3,012,408","62,198","48,432,863 ",Africa,,"28513,34216",,,"1,356",
123,Jamaica,"151,931",,"3,320                                ",,"99,392",,"49,219",,"50,897","1,112","1,183,986","396,633","2,985,094 ",North America,,208993,,,"16,488",
124,Cambodia,"138,120",+14,"3,056                                ",,"135,001",+9,63,,"8,045",178,"3,091,420","180,062","17,168,639 ",Asia,,"1245,6186",0.8,,4,
125,Rwanda,"132,643",,"1,467                                ",,"131,112",,64,,"9,753",108,"5,882,479","432,520","13,600,464 ",Africa,,"1039,2712",,,5,
126,Cameroon,"123,993",,"1,965                                ",,"118,616",,"3,412",13,"4,442",70,"1,751,774","62,762","27,911,548 ",Africa,,"22514,20416",,,122,
127,Malta,"115,839",,809                                ,,"114,444",,586,4,"260,879","1,822","2,090,758","4,708,564","444,033 ",Europe,,45490,,,"1,320",
128,Angola,"104,676",,"1,924                                ",,"102,367",,385,,"2,988",55,"1,499,795","42,818","35,027,343 ",Africa,,"33518,20523",,,11,
129,Barbados,"103,955",,564                                ,,"102,435",,956,,"360,926","1,958","777,669","2,700,024","288,023 ",North America,,35110,,,"3,319",
130,French Guiana,"96,389",,411                                ,,"11,254",,"84,724",2,"306,806","1,308","651,257","2,072,951","314,169 ",South America,,37640,,,"269,677",
131,Channel Islands,"96,028",,207                                ,,"95,304",,517,,"544,182","1,173","1,252,808","7,099,551","176,463 ",Europe,,28520,,,"2,930",
132,DRC,"94,204",,"1,455                                ",,"83,610",,"9,139",,989,15,"846,704","8,890","95,240,792 ",Africa,,"1,01165,458112",,,96,
133,Senegal,"88,873",,"1,968                                ",,"86,872",,33,,"5,034",111,"1,146,543","64,946","17,653,671 ",Africa,,"1998,97015",,,2,
134,Malawi,"88,086",,"2,685                                ",,"85,009",,392,67,"4,365",133,"624,784","30,959","20,180,839 ",Africa,,"2297,51632",,,19,
135,Ivory Coast,"87,887",,830                                ,,"87,049",,8,,"3,168",30,"1,654,429","59,636","27,742,298 ",Africa,,"31633,42417",,,0.3,
136,Suriname,"81,581",,"1,393                                ",,N/A,N/A,N/A,,"136,690","2,334","239,603","401,459","596,831 ",South America,,74282,,,"51,118",
137,French Polynesia,"77,137",,649                                ,,N/A,N/A,N/A,7,"271,452","2,284",,,"284,164 ",Australia/Oceania,,4438,,,"151,279",
138,New Caledonia,"76,051",,314                                ,,"74,603",,"1,134",9,"261,420","1,079","98,964","340,182","290,915 ",Australia/Oceania,,49263,,,"3,898",
139,Eswatini,"73,770",,"1,422                                ",,"72,255",,93,,"62,263","1,200","1,047,886","884,429","1,184,817 ",Africa,,168331,,,78,
140,Guyana,"71,627",,"1,285                                ",,"70,221",,121,,"90,205","1,618","706,316","889,516","794,045 ",South America,,116181,,,152,
141,Belize,"69,048",,688                                ,,"68,325",,35,6,"167,515","1,669","576,016","1,397,453","412,190 ",North America,,65991,,,85,
142,Fiji,"68,375",,878                                ,,"66,440",,"1,057",,"75,181",965,"666,164","732,478","909,466 ",Australia/Oceania,,"131,0361",,,"1,162",
143,Madagascar,"67,259",,"1,412                                ",,"65,450",,397,,"2,305",48,"518,111","17,757","29,178,077 ",Africa,,"43420,66456",,,14,
144,Sudan,"63,637",,"4,990                                ",,"58,016",,631,,"1,384",108,"562,941","12,240","45,992,020 ",Africa,,"7239,21782",,,14,
145,Mauritania,"63,420",,997                                ,,"62,420",,3,,"12,938",203,"1,008,283","205,689","4,901,981 ",Africa,,"774,9175",,,0.6,
146,Cabo Verde,"63,051",,412                                ,,"62,473",,166,23,"111,068",726,"401,622","707,482","567,678 ",Africa,,"91,3781",,,292,
147,Bhutan,"62,503",,21                                ,,"61,564",,918,,"79,324",27,"2,303,734","2,923,739","787,941 ",Asia,,"1337,5210",,,"1,165",
148,Syria,"57,400",,"3,163                                ",,"54,230",,7,,"2,964",163,"146,269","7,553","19,364,809 ",Asia,,"3376,122132",,,0.4,
149,Burundi,"50,639",,38                                ,,"50,418",,183,,"4,011",3,"345,742","27,386","12,624,840 ",Africa,,"249332,23337",,,14,
150,Seychelles,"50,068",,171                                ,,"49,606",,291,,"503,570","1,720",,,"99,426 ",Africa,,2581,,,"2,927",
151,Gabon,"48,973",,306                                ,,"48,582",,85,,"21,005",131,"1,620,976","695,240","2,331,533 ",Africa,,"487,6191",,,36,
152,Andorra,"47,219",,157                                ,,"46,731",,331,14,"609,568","2,027","249,838","3,225,256","77,463 ",Europe,,24930,,,"4,273",
153,Papua New Guinea,"46,182",,668                                ,,"43,982",,"1,532",7,"4,970",72,"249,149","26,813","9,292,169 ",Australia/Oceania,,"20113,91037",,,165,
154,Curaçao,"45,986",,295                                ,,"44,720",,971,3,"277,812","1,782","496,693","3,000,640","165,529 ",North America,,45610,,,"5,866",
155,Aruba,"43,641",,236                                ,,"42,438",,967,2,"405,552","2,193","177,885","1,653,068","107,609 ",North America,,24561,,,"8,986",
156,Mayotte,"41,206",,187                                ,,N/A,N/A,N/A,,"143,947",653,"176,919","618,038","286,259 ",Africa,,"71,5312",,,"132,939",
157,Mauritius,"41,042",,"1,032                                ",,"39,278",,732,,"32,197",810,"358,675","281,374","1,274,727 ",Africa,,"311,2354",,,574,
158,Tanzania,"40,656",,845                                ,,N/A,N/A,N/A,7,642,13,,,"63,298,550 ",Africa,,"1,55774,910",,,626,
159,Togo,"39,330",,290                                ,,"39,035",,5,,"4,531",33,"801,709","92,354","8,680,837 ",Africa,,"22129,93411",,,0.6,
160,Guinea,"38,153",,464                                ,,"37,218",,471,8,"2,752",33,"660,107","47,607","13,865,691 ",Africa,,"36329,88321",,,34,
161,Isle of Man,"38,008",,116                                ,,N/A,N/A,N/A,,"443,335","1,353","150,753","1,758,422","85,732 ",Europe,,27391,,,"129,450",
162,Bahamas,"37,483",,833                                ,,"36,360",,290,1,"93,587","2,080","257,839","643,767","400,516 ",North America,,114812,,,724,
163,Faeroe Islands,"34,658",,28                                ,,N/A,N/A,N/A,5,"703,959",569,"778,000","15,802,409","49,233 ",Europe,,"11,7580",,,"547,133",
164,Lesotho,"34,490",,706                                ,,"25,980",,"7,804",,"15,852",324,"431,221","198,199","2,175,699 ",Africa,,"633,0825",,,"3,587",
165,Haiti,"33,862",,860                                ,,"32,897",,105,,"2,899",74,"132,422","11,337","11,680,283 ",North America,,"34513,58288",,,9,
166,Mali,"32,760",,742                                ,,"31,941",,77,,"1,526",35,"777,936","36,227","21,473,764 ",Africa,,"65528,94028",,,4,
167,Cayman Islands,"31,359",,36                                ,,"8,553",,"22,770",1,"466,118",535,"222,773","3,311,280","67,277 ",North America,,"21,8690",,,"338,451",
168,Saint Lucia,"29,550",,404                                ,,"29,095",,51,,"159,632","2,182","210,983","1,139,752","185,113 ",North America,,64581,,,276,
169,Benin,"27,980",,163                                ,,"27,746",,71,5,"2,189",13,"604,310","47,268","12,784,726 ",Africa,,"45778,43421",,,6,
170,Somalia,"27,254",,"1,361                                ",,"13,182",,"12,711",,"1,618",81,"400,466","23,778","16,841,795 ",Africa,,"61812,37542",,,755,
171,Congo,"25,375",,386                                ,,"24,006",,983,,"4,377",67,"347,815","59,991","5,797,805 ",Africa,,"22815,02017",,,170,
172,Solomon Islands,"24,575",,153                                ,,N/A,N/A,N/A,1,"34,077",212,,,"721,159 ",Australia/Oceania,,"294,713",,,"11,183",
173,Timor-Leste,"23,354",,138                                ,,"23,102",,114,,"17,054",101,"278,529","203,391","1,369,429 ",Asia,,"599,9235",,,83,
174,Micronesia,"22,203",,55                                ,,N/A,N/A,N/A,1,"188,979",468,"21,923","186,596","117,489 ",Australia/Oceania,,"52,1365",,,"187,030",
175,San Marino,"22,167",,119                                ,,"21,826",,222,4,"650,345","3,491","157,634","4,624,732","34,085 ",Europe,,22860,,,"6,513",
176,Burkina Faso,"21,631",,387                                ,,"21,143",,101,,979,18,"248,995","11,265","22,102,838 ",Africa,,"1,02257,11389",,,5,
177,Liechtenstein,"20,933",,87                                ,,"20,784",,62,1,"545,315","2,266","112,457","2,929,559","38,387 ",Europe,,24410,,,"1,615",
178,Gibraltar,"20,184",,110                                ,,"16,579",,"3,495",,"598,861","3,264","534,283","15,852,213","33,704 ",Europe,,23060,,,"103,697",
179,Grenada,"19,613",,237                                ,,"19,358",,18,4,"172,840","2,089","182,981","1,612,523","113,475 ",North America,,64791,,,159,
180,Nicaragua,"18,491",,225                                ,,"4,225",,"14,041",,"2,728",33,,,"6,779,100 ",North America,,"36730,129",,,"2,071",
181,Bermuda,"18,463",,151                                ,,"18,289",,23,,"298,084","2,438","1,018,578","16,444,857","61,939 ",North America,,34100,,,371,
182,South Sudan,"18,350",,138                                ,,"18,115",,97,1,"1,579",12,"410,280","35,313","11,618,511 ",Africa,,"63384,19228",,,8,
183,Tajikistan,"17,786",,125                                ,,"17,264",,397,,"1,786",13,,,"9,957,464 ",Asia,,"56079,660",,,40,
184,Equatorial Guinea,"17,183",,183                                ,,"16,879",,121,5,"11,481",122,"365,697","244,342","1,496,662 ",Africa,,"878,1784",,,81,
185,Tonga,"16,182",,12                                ,,"15,638",,532,,"150,182",111,"535,009","4,965,327","107,749 ",Australia/Oceania,,"78,9790",,,"4,937",
186,Samoa,"15,967",,29                                ,,"1,605",,"14,333",4,"78,951",143,"187,397","926,612","202,239 ",Australia/Oceania,,"136,9741",,,"70,872",
187,Dominica,"15,760",,74                                ,,"15,673",,13,,"217,848","1,023","229,344","3,170,187","72,344 ",North America,,59780,,,180,
188,Djibouti,"15,690",,189                                ,,"15,427",,74,,"15,441",186,"305,941","301,094","1,016,097 ",Africa,,"655,3763",,,73,
189,Marshall Islands,"15,541",,17                                ,,"15,390",,134,22,"258,771",283,,,"60,057 ",Australia/Oceania,,"43,533",,,"2,231",
190,Monaco,"15,472",,63                                ,,"15,268",,141,4,"388,910","1,584","78,646","1,976,875","39,783 ",Europe,,36311,,,"3,544",
191,CAR,"15,311",,113                                ,,"14,615",,583,2,"3,052",23,"81,294","16,205","5,016,678 ",Africa,,"32844,39562",,,116,
192,Gambia,"12,586",,372                                ,,"12,189",,25,,"4,919",145,"155,686","60,851","2,558,482 ",Africa,,"2036,87816",,,10,
193,Saint Martin,"12,058",,63                                ,,"1,399",,"10,596",7,"303,499","1,586","112,382","2,828,643","39,730 ",North America,,36310,,,"266,700",
194,Greenland,"11,971",,21                                ,,"2,761",,"9,189",4,"210,117",369,"164,926","2,894,810","56,973 ",North America,,"52,7130",,,"161,287",
195,Vanuatu,"11,952",,14                                ,,"11,937",,1,,"37,137",44,"24,976","77,606","321,832 ",Australia/Oceania,,"2722,98813",,,3,
196,Yemen,"11,945",,"2,159                                ",,"9,124",,662,23,383,69,"329,592","10,579","31,154,867 ",Asia,,"2,60814,43095",,,21,
197,Caribbean Netherlands,"11,426",,36                                ,,"10,476",,914,,"428,791","1,351","30,126","1,130,559","26,647 ",North America,,27401,,,"34,300",
198,Sint Maarten,"10,931",,89                                ,,"10,833",,9,,"248,624","2,024","62,056","1,411,454","43,966 ",North America,,44941,,,205,
199,Eritrea,"10,189",,103                                ,,"10,086",,0,,"2,782",28,"23,693","6,470","3,662,244 ",Africa,,"35935,556155",,,,
200,Niger,"9,931",,312                                ,,"8,890",,729,1,381,12,"254,538","9,759","26,083,660 ",Africa,,"2,62683,601102",,,28,
201,Antigua and Barbuda,"9,106",,146                                ,,"8,954",,6,1,"91,509","1,467","18,901","189,943","99,509 ",North America,,116825,,,60,
202,Comoros,"8,965",,161                                ,,"8,786",,18,,"9,880",177,,,"907,419 ",Africa,,"1015,636",,,20,
203,Guinea-Bissau,"8,848",,176                                ,,"8,642",,30,6,"4,288",85,"145,231","70,385","2,063,367 ",Africa,,"23311,72414",,,15,
204,Liberia,"8,022",,294                                ,,"7,715",,13,2,"1,512",55,"139,824","26,356","5,305,117 ",Africa,,"66118,04538",,,2,
205,Sierra Leone,"7,759",,126                                ,,N/A,N/A,N/A,,934,15,"259,958","31,296","8,306,436 ",Africa,,"1,07165,92432",,,330,
206,Chad,"7,646",,194                                ,,"4,874",,"2,578",,439,11,"191,341","10,988","17,413,580 ",Africa,,"2,27789,76191",,,148,
207,British Virgin Islands,"7,305",,64                                ,,N/A,N/A,N/A,,"238,757","2,092","107,339","3,508,269","30,596 ",North America,,44780,,,392,
208,St. Vincent Grenadines,"7,112",,115                                ,,"6,641",,356,,"63,756","1,031","100,856","904,125","111,551 ",North America,,169701,,,"3,191",
209,Saint Kitts and Nevis,"6,552",,46                                ,,"6,482",,24,,"121,624",854,"124,861","2,317,778","53,871 ",North America,,"81,1710",,,446,
210,Turks and Caicos,"6,446",,36                                ,,"6,392",,18,4,"162,200",906,"550,241","13,845,676","39,741 ",North America,,"61,1040",,,453,
211,Cook Islands,"6,389",,1                                ,,"6,384",,4,,"363,610",57,"19,690","1,120,596","17,571 ",Australia/Oceania,,"317,5711",,,228,
212,Sao Tome and Principe,"6,278",,77                                ,,"6,201",,0,,"27,574",338,"29,036","127,530","227,679 ",Africa,,"362,9578",,,,
213,Palau,"5,785",,7                                ,,"5,622",,156,1,"317,282",384,"67,025","3,676,027","18,233 ",Australia/Oceania,,"32,6050",,,"8,556",
214,St. Barth,"5,348",,6                                ,,N/A,N/A,N/A,,"537,758",603,"78,646","7,908,095","9,945 ",North America,,"21,6580",,,"490,699",
215,Nauru,"4,621",,1                                ,,"4,609",,11,,"423,828",92,"20,509","1,881,042","10,903 ",Australia/Oceania,,"210,9031",,,"1,009",
216,Anguilla,"3,904",,12                                ,,"3,879",,13,4,"256,336",788,"51,382","3,373,736","15,230 ",North America,,"41,2690",,,854,
217,Kiribati,"3,430",,13                                ,,"2,703",,714,3,"27,792",105,,,"123,419 ",Australia/Oceania,,"369,494",,,"5,785",
218,Saint Pierre Miquelon,"3,282",,1                                ,,"2,449",,832,1,"569,891",174,"25,242","4,383,053","5,759 ",North America,,"25,7590",,,"144,470",
219,Tuvalu,"2,805",, ,,,,"2,805",,"232,471",,,,"12,066 ",Australia/Oceania,,4,,,"232,471",
220,Falkland Islands,"1,930",, ,,"1,930",,0,,"545,352",,"8,632","2,439,107","3,539 ",South America,,20,,,,
221,Saint Helena,"1,806",, ,,2,,"1,804",,"295,339",,,,"6,115 ",Africa,,3,,,"295,012",
222,Montserrat,"1,403",,8                                ,,"1,376",,19,,"282,578","1,611","17,762","3,577,442","4,965 ",North America,,46210,,,"3,827",
223,Macao,808,,6                                ,,791,,11,,"1,211",9,"7,850","11,760","667,490 ",Asia,,"826111,24885",,,16,
224,Wallis and Futuna,761,,7                                ,,438,,316,,"69,295",637,"20,508","1,867,419","10,982 ",Australia/Oceania,,"141,5691",,,"28,774",
225,Diamond Princess,712,,13                                ,,699,,0,,,,,, ,,,,,,,
226,Niue,147,, ,,106,,41,,"90,629",,,,"1,622 ",Australia/Oceania,,11,,,"25,277",
227,Vatican City,29,, ,,29,,0,,"36,295",,,,799 ,Europe,,28,,,,
228,Western Sahara,10,,1                                ,,9,,0,,16,2,,,"626,161 ",Africa,,"62,616626,161",,,,
229,MS Zaandam,9,,2                                ,,7,,0,,,,,, ,,,,,,,
230,China,"327,964","+4,278","5,233                                ",,"283,983","+2,877","38,748",98,226,4,"160,000,000","110,461","1,448,471,400                                ",Asia,,"4,417276,7969",3,,27,
